{"cameraMode":{"drawMode":0,"name":"Shaded","section":"Shading Mode"},"sceneLighting":true,"audioPlay":false,"sceneViewState":{"m_AlwaysRefresh":false,"showFog":true,"showSkybox":true,"showFlares":true,"showImageEffects":true,"showParticleSystems":true,"showVisualEffectGraphs":true,"m_FxEnabled":true},"in2DMode":false,"pivot":{"x":104.86663818359375,"y":84.29348754882813,"z":-28.80792999267578},"rotation":{"x":-0.23042944073677064,"y":0.16058816015720368,"z":-0.03856728598475456,"w":-0.9589942693710327},"size":131.30506896972657,"orthographic":false}