{"cameraMode":{"drawMode":0,"name":"Shaded","section":"Shading Mode"},"sceneLighting":true,"audioPlay":false,"sceneViewState":{"m_AlwaysRefresh":false,"showFog":true,"showSkybox":true,"showFlares":true,"showImageEffects":true,"showParticleSystems":true,"showVisualEffectGraphs":true,"m_FxEnabled":true},"in2DMode":false,"pivot":{"x":14.281476974487305,"y":-99.112060546875,"z":10.444259643554688},"rotation":{"x":0.028744013980031015,"y":0.732854425907135,"z":-0.6790504455566406,"w":0.031017331406474115},"size":1116.7598876953125,"orthographic":false}